cluster_id,label,size,keywords
0,Carbon / Health / Heat,186,carbon | health | heat | energy | emissions | radiation | learn | technology
1,Models / Language Models / Language,15,models | language models | language | text | ai | token | allow | tasks
2,Model / Pretrained Model / Model Behaviour,15,model | pretrained model | model behaviour | language model | behaviour | pretrained | size | weights
3,Space / Telescope / Space Telescope,9,space | telescope | space telescope | universe | risks | point | missions | probes
4,Cooking / Water / Flavour,13,cooking | water | flavour | times | cooking times | precise | meat | adds flavour
5,War / World / World War,11,war | world | world war | cold war | people | transformed | cold | nuclear
6,Training / Data / Sets,9,training | data | sets | activations | technique | prevention | red | selection
7,Security / Attacks / Software,25,security | attacks | software | network | vulnerabilities | networks | access | systems
8,Price / Share / Earnings,7,price | share | earnings | share price | measures | annual | principal | profit
9,Risk / Events / Cardiovascular,10,risk | events | cardiovascular | reduces | patterns | temperatures | authentication | portfolio
